insert into Jobs ( job_id, work_period, company, salary, job_title, job_location, job_type, job_deadline) values ('Job#1', 'June 2023', 'Eabox', '$94960.91', 'Accountant I', 'Poland', 'Contract', '2021-02-28 03:02:47');
insert into Jobs ( job_id, work_period, company, salary, job_title, job_location, job_type, job_deadline) values ('Job#2', 'Aug 2021', 'Photobug', '$97442.65', 'Recruiter', 'China', 'Part-time', '2021-09-18 23:47:28');
insert into Jobs ( job_id, work_period, company, salary, job_title, job_location, job_type, job_deadline) values ('Job#3', 'Dec 2020', 'Npath', '$94123.85', 'Occupational Therapist', 'Indonesia', 'Internship', '2021-09-15 06:40:08');
insert into Jobs ( job_id, work_period, company, salary, job_title, job_location, job_type, job_deadline) values ('Job#4', 'Apr 2020', 'Meevee', '$63863.70', 'Senior Cost Accountant', 'China', 'Hourly', '2020-12-29 05:08:51');
insert into Jobs ( job_id, work_period, company, salary, job_title, job_location, job_type, job_deadline) values ('Job#5', 'May 2021', 'Twitterwire', '$67890.17', 'Compensation Analyst', 'Indonesia', 'Temporary', '2021-07-26 02:59:29');
insert into Jobs ( job_id, work_period, company, salary, job_title, job_location, job_type, job_deadline) values ('Job#6', 'June 2023', 'Skinix', '$92008.53', 'Software Test Engineer IV', 'Argentina', 'Temporary', '2021-11-21 02:06:08');
insert into Jobs ( job_id, work_period, company, salary, job_title, job_location, job_type, job_deadline) values ('Job#7', 'Dec 2020', 'Realpoint', '$58857.32', 'Project Manager', 'China', 'Full-time', '2021-03-25 22:24:32');
insert into Jobs ( job_id, work_period, company, salary, job_title, job_location, job_type, job_deadline) values ('Job#8', 'Apr 2020', 'Zoomcast', '$60664.76', 'Financial Advisor', 'China', 'Temporary', '2021-09-09 21:06:08');
insert into Jobs ( job_id, work_period, company, salary, job_title, job_location, job_type, job_deadline) values ('Job#9', 'Dec 2020', 'Shuffledrive', '$93700.02', 'Professor', 'Russia', 'Temporary', '2021-08-04 12:27:29');
insert into Jobs ( job_id, work_period, company, salary, job_title, job_location, job_type, job_deadline) values ('Job#10', 'May 2021', 'Kaymbo', '$69384.08', 'Quality Control Specialist', 'Japan', 'Part-time', '2021-03-20 08:25:46');
insert into Jobs ( job_id, work_period, company, salary, job_title, job_location, job_type, job_deadline) values ('Job#11', 'Aug 2021', 'Thoughtblab', '$84525.39', 'Legal Assistant', 'Canada', 'Internship', '2021-10-24 12:37:07');
insert into Jobs ( job_id, work_period, company, salary, job_title, job_location, job_type, job_deadline) values ('Job#12', 'June 2023', 'Skipfire', '$82415.02', 'Sales Representative', 'Czech Republic', 'Internship', '2021-08-28 10:09:12');
insert into Jobs ( job_id, work_period, company, salary, job_title, job_location, job_type, job_deadline) values ('Job#13', 'May 2021', 'Quimba', '$90239.96', 'Account Executive', 'Indonesia', 'Contract', '2021-08-04 06:25:37');
insert into Jobs ( job_id, work_period, company, salary, job_title, job_location, job_type, job_deadline) values ('Job#14', 'June 2023', 'Ooba', '$65394.41', 'Project Manager', 'China', 'Full-time', '2021-05-04 02:42:33');
insert into Jobs ( job_id, work_period, company, salary, job_title, job_location, job_type, job_deadline) values ('Job#15', 'May 2021', 'Wikizz', '$65038.73', 'Staff Accountant I', 'Philippines', 'Part-time', '2021-07-16 08:51:56');
insert into Jobs ( job_id, work_period, company, salary, job_title, job_location, job_type, job_deadline) values ('Job#16', 'May 2021', 'Skynoodle', '$63098.10', 'Executive Secretary', 'Indonesia', 'Hourly', '2021-08-02 19:02:33');
insert into Jobs ( job_id, work_period, company, salary, job_title, job_location, job_type, job_deadline) values ('Job#17', 'May 2021', 'Skimia', '$50615.84', 'Professor', 'Botswana', 'Temporary', '2021-02-08 03:20:09');
insert into Jobs ( job_id, work_period, company, salary, job_title, job_location, job_type, job_deadline) values ('Job#18', 'Aug 2022', 'Twitterworks', '$69451.85', 'Geological Engineer', 'Vietnam', 'Hourly', '2021-04-24 04:12:50');
insert into Jobs ( job_id, work_period, company, salary, job_title, job_location, job_type, job_deadline) values ('Job#19', 'May 2021', 'Cogidoo', '$93237.87', 'Senior Sales Associate', 'Peru', 'Temporary', '2021-01-08 11:25:57');
insert into Jobs ( job_id, work_period, company, salary, job_title, job_location, job_type, job_deadline) values ('Job#20', 'Apr 2020', 'Tazz', '$56555.67', 'Environmental Specialist', 'Brazil', 'Full-time', '2021-04-07 06:58:38');
insert into Jobs ( job_id, work_period, company, salary, job_title, job_location, job_type, job_deadline) values ('Job#21', 'Aug 2022', 'Yata', '$68330.29', 'Accounting Assistant I', 'Indonesia', 'Contract', '2021-05-22 13:08:08');
insert into Jobs ( job_id, work_period, company, salary, job_title, job_location, job_type, job_deadline) values ('Job#22', 'Aug 2022', 'Tagopia', '$56428.05', 'Research Assistant III', 'Tajikistan', 'Internship', '2021-11-27 04:27:04');
insert into Jobs ( job_id, work_period, company, salary, job_title, job_location, job_type, job_deadline) values ('Job#23', 'Aug 2022', 'Zoonder', '$97542.25', 'Project Manager', 'Armenia', 'Internship', '2021-03-26 00:06:00');
insert into Jobs ( job_id, work_period, company, salary, job_title, job_location, job_type, job_deadline) values ('Job#24', 'Aug 2022', 'Dynazzy', '$85232.79', 'Nurse', 'Macedonia', 'Contract', '2021-10-18 04:28:41');
insert into Jobs ( job_id, work_period, company, salary, job_title, job_location, job_type, job_deadline) values ('Job#25', 'Aug 2021', 'Meedoo', '$51918.94', 'Geologist IV', 'Brazil', 'Hourly', '2021-07-30 00:56:08');
insert into Jobs ( job_id, work_period, company, salary, job_title, job_location, job_type, job_deadline) values ('Job#26', 'Dec 2020', 'Oyonder', '$72584.19', null, null, 'Part-time', '2020-12-02 22:14:55');
insert into Jobs ( job_id, work_period, company, salary, job_title, job_location, job_type, job_deadline) values ('Job#27', 'Apr 2020', 'Fanoodle', '$74612.53', 'Occupational Therapist', 'Philippines', 'Internship', '2021-05-26 15:52:25');
insert into Jobs ( job_id, work_period, company, salary, job_title, job_location, job_type, job_deadline) values ('Job#28', 'June 2023', 'Dabjam', '$79339.96', 'Budget/Accounting Analyst II', 'Brazil', 'Temporary', '2021-08-20 07:20:10');
insert into Jobs ( job_id, work_period, company, salary, job_title, job_location, job_type, job_deadline) values ('Job#29', 'Aug 2022', 'Rhybox', '$69074.58', 'Recruiter', 'Uzbekistan', 'Temporary', '2021-04-05 10:43:58');
insert into Jobs ( job_id, work_period, company, salary, job_title, job_location, job_type, job_deadline) values ('Job#30', 'Dec 2020', 'Jayo', '$98277.19', 'Electrical Engineer', 'Peru', 'Contract', '2021-01-06 16:03:30');
insert into Jobs ( job_id, work_period, company, salary, job_title, job_location, job_type, job_deadline) values ('Job#31', 'Apr 2020', 'Myworks', '$96990.84', 'Office Assistant I', 'Russia', 'Hourly', '2021-08-12 01:38:09');
insert into Jobs ( job_id, work_period, company, salary, job_title, job_location, job_type, job_deadline) values ('Job#32', 'Apr 2020', 'Topdrive', '$65516.36', 'Technical Writer', 'Pakistan', 'Contract', '2021-08-13 18:46:14');
insert into Jobs ( job_id, work_period, company, salary, job_title, job_location, job_type, job_deadline) values ('Job#33', 'Aug 2021', 'Topiclounge', '$73840.21', 'Assistant Manager', 'Argentina', 'Hourly', '2021-01-11 18:59:30');
insert into Jobs ( job_id, work_period, company, salary, job_title, job_location, job_type, job_deadline) values ('Job#34', 'Aug 2022', 'Skyndu', '$89244.08', 'Teacher', 'Russia', 'Internship', '2021-08-09 02:40:57');
insert into Jobs ( job_id, work_period, company, salary, job_title, job_location, job_type, job_deadline) values ('Job#35', 'Aug 2022', 'Miboo', '$53422.40', 'Geologist IV', 'Morocco', 'Hourly', '2021-03-01 08:07:32');
insert into Jobs ( job_id, work_period, company, salary, job_title, job_location, job_type, job_deadline) values ('Job#36', 'Apr 2020', 'Blogtags', '$60480.10', 'VP Product Management', 'Poland', 'Part-time', '2021-10-31 02:09:38');
insert into Jobs ( job_id, work_period, company, salary, job_title, job_location, job_type, job_deadline) values ('Job#37', 'Apr 2020', 'Wikivu', '$54362.62', 'Staff Accountant II', 'Germany', 'Internship', '2021-04-19 22:53:10');
insert into Jobs ( job_id, work_period, company, salary, job_title, job_location, job_type, job_deadline) values ('Job#38', 'Aug 2021', 'Roomm', '$50626.66', 'Community Outreach Specialist', 'Nigeria', 'Hourly', '2021-08-16 18:10:13');
insert into Jobs ( job_id, work_period, company, salary, job_title, job_location, job_type, job_deadline) values ('Job#39', 'June 2023', 'Thoughtmix', '$61553.70', null, null, 'Hourly', '2021-02-23 09:52:12');
insert into Jobs ( job_id, work_period, company, salary, job_title, job_location, job_type, job_deadline) values ('Job#40', 'Apr 2020', 'Dabfeed', '$76867.97', 'Dental Hygienist', 'Mauritius', 'Hourly', '2021-01-19 09:58:39');
insert into Jobs ( job_id, work_period, company, salary, job_title, job_location, job_type, job_deadline) values ('Job#41', 'May 2021', 'Fanoodle', '$71657.22', null, null, 'Hourly', '2021-02-28 15:13:28');
insert into Jobs ( job_id, work_period, company, salary, job_title, job_location, job_type, job_deadline) values ('Job#42', 'Aug 2022', 'Topicstorm', '$54695.04', 'Statistician III', 'United States', 'Hourly', '2021-09-10 22:21:55');
insert into Jobs ( job_id, work_period, company, salary, job_title, job_location, job_type, job_deadline) values ('Job#43', 'Aug 2022', 'Kwideo', '$83485.15', 'Operator', 'Vietnam', 'Contract', '2021-07-14 19:10:13');
insert into Jobs ( job_id, work_period, company, salary, job_title, job_location, job_type, job_deadline) values ('Job#44', 'June 2023', 'Jabbersphere', '$68080.04', 'Mechanical Systems Engineer', 'Poland', 'Part-time', '2021-11-12 21:05:33');
insert into Jobs ( job_id, work_period, company, salary, job_title, job_location, job_type, job_deadline) values ('Job#45', 'Apr 2020', 'Yoveo', '$93649.45', 'Computer Systems Analyst II', 'Thailand', 'Contract', '2021-10-24 01:46:57');
insert into Jobs ( job_id, work_period, company, salary, job_title, job_location, job_type, job_deadline) values ('Job#46', 'Dec 2020', 'Realbuzz', null, 'Electrical Engineer', 'Indonesia', 'Hourly', null);
insert into Jobs ( job_id, work_period, company, salary, job_title, job_location, job_type, job_deadline) values ('Job#47', 'Apr 2020', 'Fanoodle', null, 'Recruiting Manager', 'Chile', 'Contract', null);
insert into Jobs ( job_id, work_period, company, salary, job_title, job_location, job_type, job_deadline) values ('Job#48', 'Dec 2020', 'Gabvine', null, 'Software Test Engineer II', 'Indonesia', 'Temporary', null);
insert into Jobs ( job_id, work_period, company, salary, job_title, job_location, job_type, job_deadline) values ('Job#49', 'Apr 2020', 'Quimba', '$73034.22', 'Budget/Accounting Analyst II', 'Indonesia', 'Temporary', '2020-12-14 19:06:16');
insert into Jobs ( job_id, work_period, company, salary, job_title, job_location, job_type, job_deadline) values ('Job#50', 'Dec 2020', 'Edgeify', '$60913.56', 'Web Designer I', 'Japan', 'Part-time', '2021-01-29 13:02:14');


insert into Qualifications (qualification_id, user_degree, resumes, years_experience, cover_letter, license) values ('Job#1', 'Institución Universitaria Iberoamericana', 'Fundamental impactful ability', 18, 'Duis consequat dui nec nisi volutpat eleifend. Donec ut dolor. Morbi vel lectus in quam fringilla rhoncus. Mauris enim leo, rhoncus sed, vestibulum sit amet, cursus id, turpis. Integer aliquet, massa id lobortis convallis, tortor risus dapibus augue, vel accumsan tellus nisi eu orci.', 'Capital Goods');
insert into Qualifications (qualification_id, user_degree, resumes, years_experience, cover_letter, license) values ('Job#2', 'University of Miskolc', 'Virtual attitude-oriented workforce', 6, 'Vivamus metus arcu, adipiscing molestie, hendrerit at, vulputate vitae, nisl. Aenean lectus. Pellentesque eget nunc. Donec quis orci eget orci vehicula condimentum. Curabitur in libero ut massa volutpat convallis. Morbi odio odio, elementum eu, interdum eu, tincidunt in, leo. Maecenas pulvinar lobortis est.', 'Finance');
insert into Qualifications (qualification_id, user_degree, resumes, years_experience, cover_letter, license) values ('Job#3', 'Universidad de Buenos Aires', 'Multi-layered object-oriented internet solution', 10, 'Sed ante. Vivamus tortor. Duis mattis egestas metus. Aenean fermentum. Donec ut mauris eget massa tempor convallis. Nulla neque libero, convallis eget, eleifend luctus, ultricies eu, nibh.', 'n/a');
insert into Qualifications (qualification_id, user_degree, resumes, years_experience, cover_letter, license) values ('Job#4', 'Fundacion Escuela Colombiana de Rehabiliación', 'Synchronised bandwidth-monitored contingency', 19, 'Vestibulum ante ipsum primis in faucibus orci luctus et ultrices posuere cubilia Curae; Donec pharetra, magna vestibulum aliquet ultrices, erat tortor sollicitudin mi, sit amet lobortis sapien sapien non mi. Integer ac neque. Duis bibendum. Morbi non quam nec dui luctus rutrum. Nulla tellus.', 'Finance');
insert into Qualifications (qualification_id, user_degree, resumes, years_experience, cover_letter, license) values ('Job#5', 'University of Wisconsin - Madison', 'Cloned bandwidth-monitored archive', 12, 'Vestibulum rutrum rutrum neque. Aenean auctor gravida sem. Praesent id massa id nisl venenatis lacinia. Aenean sit amet justo. Morbi ut odio.', 'Finance');
insert into Qualifications (qualification_id, user_degree, resumes, years_experience, cover_letter, license) values ('Job#6', 'Joetsu University of Education', 'Phased coherent Graphical User Interface', 12, 'Suspendisse accumsan tortor quis turpis. Sed ante. Vivamus tortor. Duis mattis egestas metus. Aenean fermentum.', 'Consumer Non-Durables');
insert into Qualifications (qualification_id, user_degree, resumes, years_experience, cover_letter, license) values ('Job#7', 'Universidad Estatal a Distancia', 'Integrated zero tolerance task-force', 19, 'Aliquam non mauris. Morbi non lectus. Aliquam sit amet diam in magna bibendum imperdiet.', 'Finance');
insert into Qualifications (qualification_id, user_degree, resumes, years_experience, cover_letter, license) values ('Job#8', 'Staszic Pila College', 'Seamless dynamic database', 21, 'Morbi odio odio, elementum eu, interdum eu, tincidunt in, leo. Maecenas pulvinar lobortis est. Phasellus sit amet erat. Nulla tempus.', 'Capital Goods');
insert into Qualifications (qualification_id, user_degree, resumes, years_experience, cover_letter, license) values ('Job#9', 'University of Montana', 'Intuitive mobile application', 17, 'Nunc purus. Phasellus in felis. Donec semper sapien a libero. Nam dui. Proin leo odio, porttitor id, consequat in, consequat ut, nulla. Sed accumsan felis. Ut at dolor quis odio consequat varius.', 'Energy');
insert into Qualifications (qualification_id, user_degree, resumes, years_experience, cover_letter, license) values ('Job#10', 'Hochschule Harze Wissenschaften (FH)', 'Implemented fresh-thinking moderator', 4, 'Maecenas leo odio, condimentum id, luctus nec, molestie sed, justo. Pellentesque viverra pede ac diam. Cras pellentesque volutpat dui. Maecenas tristique, est et tempus semper, est quam pharetra magna, ac consequat metus sapien ut nunc. Vestibulum ante ipsum primis in faucibus orci luctus et ultrices posuere cubilia Curae; Mauris viverra diam vitae quam. Suspendisse potenti. Nullam porttitor lacus at turpis.', 'n/a');
insert into Qualifications (qualification_id, user_degree, resumes, years_experience, cover_letter, license) values ('Job#11', 'Bastyr University', 'Robust web-enabled algorithm', 15, 'Integer aliquet, massa id lobortis convallis, tortor risus dapibus augue, vel accumsan tellus nisi eu orci. Mauris lacinia sapien quis libero. Nullam sit amet turpis elementum ligula vehicula consequat. Morbi a ipsum. Integer a nibh.', 'Technology');
insert into Qualifications (qualification_id, user_degree, resumes, years_experience, cover_letter, license) values ('Job#12', 'Universidad Central de Bayamón', 'Customer-focused 4th generation open architecture', 16, 'Praesent blandit lacinia erat. Vestibulum sed magna at nunc commodo placerat. Praesent blandit. Nam nulla. Integer pede justo, lacinia eget, tincidunt eget, tempus vel, pede. Morbi porttitor lorem id ligula.', 'Energy');
insert into Qualifications (qualification_id, user_degree, resumes, years_experience, cover_letter, license) values ('Job#13', 'Mountain View College', 'Cloned holistic function', 12, 'Quisque erat eros, viverra eget, congue eget, semper rutrum, nulla. Nunc purus. Phasellus in felis. Donec semper sapien a libero. Nam dui. Proin leo odio, porttitor id, consequat in, consequat ut, nulla.', 'Health Care');
insert into Qualifications (qualification_id, user_degree, resumes, years_experience, cover_letter, license) values ('Job#14', null, 'Versatile methodical success', null, null, 'Consumer Non-Durables');
insert into Qualifications (qualification_id, user_degree, resumes, years_experience, cover_letter, license) values ('Job#15', 'Goshen College', 'Multi-tiered dedicated methodology', 11, 'Fusce congue, diam id ornare imperdiet, sapien urna pretium nisl, ut volutpat sapien arcu sed augue. Aliquam erat volutpat. In congue.', 'Technology');
insert into Qualifications (qualification_id, user_degree, resumes, years_experience, cover_letter, license) values ('Job#16', 'Mercy College', 'Synergistic 3rd generation contingency', 19, 'Nulla ut erat id mauris vulputate elementum. Nullam varius. Nulla facilisi. Cras non velit nec nisi vulputate nonummy. Maecenas tincidunt lacus at velit.', 'Finance');
insert into Qualifications (qualification_id, user_degree, resumes, years_experience, cover_letter, license) values ('Job#17', 'Ferris State University', 'Decentralized human-resource protocol', 5, 'Pellentesque viverra pede ac diam. Cras pellentesque volutpat dui. Maecenas tristique, est et tempus semper, est quam pharetra magna, ac consequat metus sapien ut nunc. Vestibulum ante ipsum primis in faucibus orci luctus et ultrices posuere cubilia Curae; Mauris viverra diam vitae quam. Suspendisse potenti. Nullam porttitor lacus at turpis. Donec posuere metus vitae ipsum.', 'Consumer Non-Durables');
insert into Qualifications (qualification_id, user_degree, resumes, years_experience, cover_letter, license) values ('Job#18', 'Tashkent School of Finance', 'Seamless heuristic projection', 15, 'Nulla justo. Aliquam quis turpis eget elit sodales scelerisque. Mauris sit amet eros. Suspendisse accumsan tortor quis turpis. Sed ante. Vivamus tortor.', 'Consumer Non-Durables');
insert into Qualifications (qualification_id, user_degree, resumes, years_experience, cover_letter, license) values ('Job#19', 'Islamic Azad University, Tabriz', 'Extended executive project', 13, 'Etiam vel augue. Vestibulum rutrum rutrum neque. Aenean auctor gravida sem.', 'Capital Goods');
insert into Qualifications (qualification_id, user_degree, resumes, years_experience, cover_letter, license) values ('Job#20', null, 'Open-source contextually-based synergy', null, null, 'Public Utilities');
insert into Qualifications (qualification_id, user_degree, resumes, years_experience, cover_letter, license) values ('Job#21', 'Ecole Nationale Supérieure des Mines de Nancy', 'Self-enabling secondary array', 7, 'Praesent blandit. Nam nulla. Integer pede justo, lacinia eget, tincidunt eget, tempus vel, pede. Morbi porttitor lorem id ligula. Suspendisse ornare consequat lectus. In est risus, auctor sed, tristique in, tempus sit amet, sem. Fusce consequat.', 'Capital Goods');
insert into Qualifications (qualification_id, user_degree, resumes, years_experience, cover_letter, license) values ('Job#22', null, 'Networked scalable capability', null, null, 'Health Care');
insert into Qualifications (qualification_id, user_degree, resumes, years_experience, cover_letter, license) values ('Job#23', 'Augsburg College', 'De-engineered holistic synergy', 22, 'Nulla facilisi. Cras non velit nec nisi vulputate nonummy. Maecenas tincidunt lacus at velit. Vivamus vel nulla eget eros elementum pellentesque. Quisque porta volutpat erat. Quisque erat eros, viverra eget, congue eget, semper rutrum, nulla. Nunc purus.', 'Health Care');
insert into Qualifications (qualification_id, user_degree, resumes, years_experience, cover_letter, license) values ('Job#24', null, 'Cloned solution-oriented archive', null, null, 'Capital Goods');
insert into Qualifications (qualification_id, user_degree, resumes, years_experience, cover_letter, license) values ('Job#25', null, 'Optional tangible installation', null, null, 'Finance');
insert into Qualifications (qualification_id, user_degree, resumes, years_experience, cover_letter, license) values ('Job#26', null, 'Programmable system-worthy focus group', null, null, 'Finance');
insert into Qualifications (qualification_id, user_degree, resumes, years_experience, cover_letter, license) values ('Job#27', 'Lucerne University of Applied Sciences and Arts ', 'Enhanced impactful functionalities', 13, 'Suspendisse potenti. Cras in purus eu magna vulputate luctus. Cum sociis natoque penatibus et magnis dis parturient montes, nascetur ridiculus mus. Vivamus vestibulum sagittis sapien. Cum sociis natoque penatibus et magnis dis parturient montes, nascetur ridiculus mus. Etiam vel augue. Vestibulum rutrum rutrum neque.', 'Health Care');
insert into Qualifications (qualification_id, user_degree, resumes, years_experience, cover_letter, license) values ('Job#28', 'Dimocritus University of Thrace', 'Grass-roots global neural-net', 2, 'Morbi vel lectus in quam fringilla rhoncus. Mauris enim leo, rhoncus sed, vestibulum sit amet, cursus id, turpis. Integer aliquet, massa id lobortis convallis, tortor risus dapibus augue, vel accumsan tellus nisi eu orci. Mauris lacinia sapien quis libero. Nullam sit amet turpis elementum ligula vehicula consequat. Morbi a ipsum. Integer a nibh. In quis justo.', 'Health Care');
insert into Qualifications (qualification_id, user_degree, resumes, years_experience, cover_letter, license) values ('Job#29', 'Nasarawa State University Keffi', 'Advanced real-time moderator', 23, 'Maecenas leo odio, condimentum id, luctus nec, molestie sed, justo. Pellentesque viverra pede ac diam. Cras pellentesque volutpat dui. Maecenas tristique, est et tempus semper, est quam pharetra magna,Suspendisse potenti. Nullam porttitor lacus at turpis.', 'Transportation');
insert into Qualifications (qualification_id, user_degree, resumes, years_experience, cover_letter, license) values ('Job#30', 'Institute of Teachers Education, Tun Hussein Onn', 'Fully-configurable didactic productivity', 10, 'Aenean auctor gravida sem. Praesent id massa id nisl venenatis lacinia. Aenean sit amet justo. Morbi ut odio. Cras mi pede, malesuada in, imperdiet et, commodo vulputate, justo. In blandit ultrices enim. Lorem ipsum dolor sit amet, consectetuer adipiscing elit. Proin interdum mauris non ligula pellentesque ultrices.', 'Energy');
insert into Qualifications (qualification_id, user_degree, resumes, years_experience, cover_letter, license) values ('Job#31', 'Virginia State University', 'Extended analyzing superstructure', 9, 'Maecenas tristique, est et tempus semper, est quam pharetra magna, ac consequat metus sapien ut nunc. Vestibulum ante ipsum primis in faucibus orci luctus et ultrices posuere cubilia Curae; Mauris viverra diam vitae quam. Suspendisse potenti. Nullam porttitor lacus at turpis. Donec posuere metus vitae ipsum. Aliquam non mauris. Morbi non lectus. Aliquam sit amet diam in magna bibendum imperdiet.', 'n/a');
insert into Qualifications (qualification_id, user_degree, resumes, years_experience, cover_letter, license) values ('Job#32', 'St. Joseph''s College New York, Suffolk Campus', 'Managed maximized emulation', 22, 'Curabitur convallis. Duis consequat dui nec nisi volutpat eleifend. Donec ut dolor. Morbi vel lectus in quam fringilla rhoncus.', 'Technology');
insert into Qualifications (qualification_id, user_degree, resumes, years_experience, cover_letter, license) values ('Job#33', 'China Medical College', 'Focused zero administration concept', 7, 'Proin at turpis a pede posuere nonummy. Integer non velit. Donec diam neque, vestibulum eget, vulputate ut, ultrices vel, augue. Vestibulum ante ipsum primis in faucibus orci luctus et ultrices posuere cubilia Curae; Donec pharetra, magna vestibulum aliquet ultrices, erat tortor sollicitudin mi, sit amet lobortis sapien sapien non mi. Integer ac neque. Duis bibendum. Morbi non quam nec dui luctus rutrum.', 'Technology');
insert into Qualifications (qualification_id, user_degree, resumes, years_experience, cover_letter, license) values ('Job#34', 'Spalding University', 'Realigned bandwidth-monitored analyzer', 18, 'Donec ut mauris eget massa tempor convallis. Nulla neque libero, convallis eget, eleifend luctus, ultricies eu, nibh. Quisque id justo sit amet sapien dignissim vestibulum. Vestibulum ante ipsum primis in faucibus orci luctus et ultrices posuere cubilia Curae; Nulla dapibus dolor vel est. Donec odio justo, sollicitudin ut, suscipit a, feugiat et, eros.', 'Finance');
insert into Qualifications (qualification_id, user_degree, resumes, years_experience, cover_letter, license) values ('Job#35', 'University of North Carolina at Charlotte', 'Fully-configurable object-oriented Graphic Interface', 16, 'Vestibulum sed magna at nunc commodo placerat. Praesent blandit. Nam nulla. Integer pede justo, lacinia eget, tincidunt eget, tempus vel, pede. Morbi porttitor lorem id ligula. Suspendisse ornare consequat lectus. In est risus, auctor sed, tristique in, tempus sit amet, sem. Fusce consequat.', 'Health Care');
insert into Qualifications (qualification_id, user_degree, resumes, years_experience, cover_letter, license) values ('Job#36', 'Instituto Tecnológico de León', 'User-friendly zero tolerance architecture', 10, 'Proin eu mi. Nulla ac enim. In tempor, turpis nec euismod scelerisque, quam turpis adipiscing lorem, vitae mattis nibh ligula nec sem. Duis aliquam convallis nunc. Proin at turpis a pede posuere nonummy.', 'Consumer Non-Durables');
insert into Qualifications (qualification_id, user_degree, resumes, years_experience, cover_letter, license) values ('Job#37', 'Universidad Nacional de Lomas de Zamora', 'Total optimizing data-warehouse', 12, 'Donec ut mauris eget massa tempor convallis. Nulla neque libero, convallis eget, eleifend luctus, ultricies eu, nibh. Quisque id justo sit amet sapien dignissim vestibulum. Vestibulum ante ipsum primis in faucibus orci luctus et ultrices posuere cubilia Curae; Nulla dapibus dolor vel est.', 'Public Utilities');
insert into Qualifications (qualification_id, user_degree, resumes, years_experience, cover_letter, license) values ('Job#38', null, 'Customizable regional website', null, null, 'n/a');
insert into Qualifications (qualification_id, user_degree, resumes, years_experience, cover_letter, license) values ('Job#39', 'Ahsanullah University', 'Synergized stable task-force', 20, 'Morbi a ipsum. Integer a nibh. In quis justo. Maecenas rhoncus aliquam lacus. Morbi quis tortor id nulla ultrices aliquet.', 'Health Care');
insert into Qualifications (qualification_id, user_degree, resumes, years_experience, cover_letter, license) values ('Job#40', 'Donghua University, Shanghai', 'Cloned context-sensitive encoding', 4, 'Integer non velit. Donec diam neque, vestibulum eget, vulputate ut, ultrices vel, augue. Vestibulum ante ipsum primis in faucibus orci luctus et ultrices posuere cubilia Curae; Donec pharetra, magna vestibulum aliquet ultrices, erat tortor sollicitudin mi, sit amet lobortis sapien sapien non mi. Integer ac neque. Duis bibendum. Morbi non quam nec dui luctus rutrum.', 'n/a');
insert into Qualifications (qualification_id, user_degree, resumes, years_experience, cover_letter, license) values ('Job#41', 'Alpha Omega University', 'Compatible tangible forecast', 9, 'Quisque erat eros, viverra eget, congue eget, semper rutrum, nulla. Nunc purus. Consequat in, consequat ut, nulla.', 'Public Utilities');
insert into Qualifications (qualification_id, user_degree, resumes, years_experience, cover_letter, license) values ('Job#42', 'University "Transilvany" of Brasov', 'Balanced web-enabled adapter', 21, 'Morbi ut odio. Cras mi pede, malesuada in, imperdiet et, commodo vulputate, justo. In blandit ultrices enim. Lorem ipsum dolor sit amet, consectetuer adipiscing elit. Proin interdum mauris non ligula pellentesque ultrices.', 'Energy');
insert into Qualifications (qualification_id, user_degree, resumes, years_experience, cover_letter, license) values ('Job#43', 'Beijing University of Aeronautics and Astronautics', 'Extended systemic task-force', 6, 'Etiam justo. Etiam pretium iaculis justo. In hac habitasse platea dictumst. Etiam faucibus cursus urna. Ut tellus.', 'Technology');
insert into Qualifications (qualification_id, user_degree, resumes, years_experience, cover_letter, license) values ('Job#44', 'Wabash College', 'Synergistic coherent access', 6, 'Fusce congue, diam id ornare imperdiet, sapien urna pretium nisl, ut volutpat sapien arcu sed augue. Aliquam erat volutpat. In congue. Etiam justo. Etiam pretium iaculis justo.', 'Technology');
insert into Qualifications (qualification_id, user_degree, resumes, years_experience, cover_letter, license) values ('Job#45', null, 'Configurable bandwidth-monitored algorithm', null, null, 'Finance');
insert into Qualifications (qualification_id, user_degree, resumes, years_experience, cover_letter, license) values ('Job#46', null, 'Decentralized context-sensitive focus group', null, null, 'Health Care');
insert into Qualifications (qualification_id, user_degree, resumes, years_experience, cover_letter, license) values ('Job#47', null, 'Re-contextualized didactic solution', null, null, 'Finance');
insert into Qualifications (qualification_id, user_degree, resumes, years_experience, cover_letter, license) values ('Job#48', 'Fachhochschule Stralsund', 'User-centric regional time-frame', 4, 'Suspendisse accumsan tortor quis turpis. Sed ante. Vivamus tortor.', 'Health Care');
insert into Qualifications (qualification_id, user_degree, resumes, years_experience, cover_letter, license) values ('Job#49', 'Awadhesh Pratap Singh University', 'Proactive exuding pricing structure', 14, 'Vivamus vestibulum sagittis sapien. Cum sociis natoque penatibus et magnis dis parturient montes, nascetur ridiculus mus. Etiam vel augue. Vestibulum rutrum rutrum neque. Aenean auctor gravida sem.', 'Miscellaneous');
insert into Qualifications (qualification_id, user_degree, resumes, years_experience, cover_letter, license) values ('Job#50', null, 'Reverse-engineered multi-tasking intranet', null, null, 'Consumer Services');

insert into Applicant ( application_id, application_job_status, applicant_loyalty) values ('Job#1', 'Interview', 'Premium');
insert into Applicant ( application_id, application_job_status, applicant_loyalty) values ('Job#2', 'Offer', 'Premium');
insert into Applicant ( application_id, application_job_status, applicant_loyalty) values ('Job#3', 'Accepted', 'Free');
insert into Applicant ( application_id, application_job_status, applicant_loyalty) values ('Job#4', null, 'Premium');
insert into Applicant ( application_id, application_job_status, applicant_loyalty) values ('Job#5', 'Open', 'Basic');
insert into Applicant ( application_id, application_job_status, applicant_loyalty) values ('Job#6', 'Closed', 'Free');
insert into Applicant ( application_id, application_job_status, applicant_loyalty) values ('Job#7', 'Waitlist', 'Premium');
insert into Applicant ( application_id, application_job_status, applicant_loyalty) values ('Job#8', null, 'Free');
insert into Applicant ( application_id, application_job_status, applicant_loyalty) values ('Job#9', 'Offer', 'Basic');
insert into Applicant ( application_id, application_job_status, applicant_loyalty) values ('Job#10', 'Accepted', 'Basic');
insert into Applicant ( application_id, application_job_status, applicant_loyalty) values ('Job#11', 'Declined', 'Premium');
insert into Applicant ( application_id, application_job_status, applicant_loyalty) values ('Job#12', 'Open', 'Free');
insert into Applicant ( application_id, application_job_status, applicant_loyalty) values ('Job#13', 'Closed', 'Basic');
insert into Applicant ( application_id, application_job_status, applicant_loyalty) values ('Job#14', 'Waitlist', 'Free');
insert into Applicant ( application_id, application_job_status, applicant_loyalty) values ('Job#15', 'Interview', 'Free');
insert into Applicant ( application_id, application_job_status, applicant_loyalty) values ('Job#16', 'Offer', 'Basic');
insert into Applicant ( application_id, application_job_status, applicant_loyalty) values ('Job#17', 'Accepted', 'Basic');
insert into Applicant ( application_id, application_job_status, applicant_loyalty) values ('Job#18', null, 'Free');
insert into Applicant ( application_id, application_job_status, applicant_loyalty) values ('Job#19', 'Open', 'Basic');
insert into Applicant ( application_id, application_job_status, applicant_loyalty) values ('Job#20', 'Closed', 'Premium');
insert into Applicant ( application_id, application_job_status, applicant_loyalty) values ('Job#21', 'Waitlist', 'Premium');
insert into Applicant ( application_id, application_job_status, applicant_loyalty) values ('Job#22', 'Interview', 'Free');
insert into Applicant ( application_id, application_job_status, applicant_loyalty) values ('Job#23', 'Offer', 'Premium');
insert into Applicant ( application_id, application_job_status, applicant_loyalty) values ('Job#24', 'Accepted', 'Premium');
insert into Applicant ( application_id, application_job_status, applicant_loyalty) values ('Job#25', 'Declined', 'Premium');
insert into Applicant ( application_id, application_job_status, applicant_loyalty) values ('Job#26', 'Open', 'Free');
insert into Applicant ( application_id, application_job_status, applicant_loyalty) values ('Job#27', 'Closed', 'Basic');
insert into Applicant ( application_id, application_job_status, applicant_loyalty) values ('Job#28', 'Waitlist', 'Basic');
insert into Applicant ( application_id, application_job_status, applicant_loyalty) values ('Job#29', 'Interview', 'Basic');
insert into Applicant ( application_id, application_job_status, applicant_loyalty) values ('Job#30', 'Offer', 'Free');
insert into Applicant ( application_id, application_job_status, applicant_loyalty) values ('Job#31', 'Accepted', 'Premium');
insert into Applicant ( application_id, application_job_status, applicant_loyalty) values ('Job#32', 'Declined', 'Free');
insert into Applicant ( application_id, application_job_status, applicant_loyalty) values ('Job#33', 'Open', 'Basic');
insert into Applicant ( application_id, application_job_status, applicant_loyalty) values ('Job#34', 'Closed', 'Basic');
insert into Applicant ( application_id, application_job_status, applicant_loyalty) values ('Job#35', 'Waitlist', 'Free');
insert into Applicant ( application_id, application_job_status, applicant_loyalty) values ('Job#36', 'Interview', 'Premium');
insert into Applicant ( application_id, application_job_status, applicant_loyalty) values ('Job#37', 'Offer', 'Free');
insert into Applicant ( application_id, application_job_status, applicant_loyalty) values ('Job#38', 'Accepted', 'Free');
insert into Applicant ( application_id, application_job_status, applicant_loyalty) values ('Job#39', null, 'Basic');
insert into Applicant ( application_id, application_job_status, applicant_loyalty) values ('Job#40', 'Open', 'Free');
insert into Applicant ( application_id, application_job_status, applicant_loyalty) values ('Job#41', 'Closed', 'Free');
insert into Applicant ( application_id, application_job_status, applicant_loyalty) values ('Job#42', 'Waitlist', 'Premium');
insert into Applicant ( application_id, application_job_status, applicant_loyalty) values ('Job#43', 'Interview', 'Basic');
insert into Applicant ( application_id, application_job_status, applicant_loyalty) values ('Job#44', 'Offer', 'Basic');
insert into Applicant ( application_id, application_job_status, applicant_loyalty) values ('Job#45', 'Accepted', 'Free');
insert into Applicant ( application_id, application_job_status, applicant_loyalty) values ('Job#46', 'Declined', 'Premium');
insert into Applicant ( application_id, application_job_status, applicant_loyalty) values ('Job#47', 'Open', 'Premium');
insert into Applicant ( application_id, application_job_status, applicant_loyalty) values ('Job#48', 'Closed', 'Basic');
insert into Applicant ( application_id, application_job_status, applicant_loyalty) values ('Job#49', 'Waitlist', 'Premium');
insert into Applicant ( application_id, application_job_status, applicant_loyalty) values ('Job#50', 'Interview', 'Basic');


insert into Subscription (subscription_id, subscription_rate, subscription_type) values ('Job#1', 0.00, 'Free');
insert into Subscription (subscription_id, subscription_rate, subscription_type) values ('Job#2', 4.99, 'Basic');
insert into Subscription (subscription_id, subscription_rate, subscription_type) values ('Job#3', 10.99, 'Premium');


insert into Accounts ( account_id, account_name, account_password, user_email, user_birthdate, user_address, user_phone) values ('Job#1', 'ppstastone3', 'D2es1ng', 'lames0@loc.gov', '19/1/1981', '99227 Water Bill', '(250) 632728');
insert into Accounts ( account_id, account_name, account_password, user_email, user_birthdate, user_address, user_phone) values ('Job#2', 'desashfdier1', 'wkImLMSvVvYj', 'sameihsf@a8.net', '23/10/2013', '75 Bowling Alley', '(153) 241455');
insert into Accounts ( account_id, account_name, account_password, user_email, user_birthdate, user_address, user_phone) values ('Job#3', 'ijohnstone0', 'D2esnng', 'badds0@loc.gov', '19/11/1981', '99227 Gina Hill', '(250) 1322589');
insert into Accounts ( account_id, account_name, account_password, user_email, user_birthdate, user_address, user_phone) values ('Job#4', 'descudier1', 'wkImRmvVvYj', 'ptuminini1@a8.net', '13/10/2013', '75 Mallory Alley', '(153) 4656796');
insert into Accounts ( account_id, account_name, account_password, user_email, user_birthdate, user_address, user_phone) values ('Job#5', 'awapol2', 'QPV7AQH', 'slee2@youtu.be', '15/12/2016', '23 Vermont Lane', '(300) 9440019');
insert into Accounts ( account_id, account_name, account_password, user_email, user_birthdate, user_address, user_phone) values ('Job#6', 'cdooman3', 'vKuiQUyvT', 'ldesbrow3@apache.org', '22/06/2006', '5 Rusk Circle', '(521) 1433566');
insert into Accounts ( account_id, account_name, account_password, user_email, user_birthdate, user_address, user_phone) values ('Job#7', 'afrayne4', 'LtSEgDLs', 'dallanson4@gizmodo.com', null, null, '(300) 6782126');
insert into Accounts ( account_id, account_name, account_password, user_email, user_birthdate, user_address, user_phone) values ('Job#8', 'casch5', 'h7FKek', 'bhickin5@ftc.gov', '08/12/2017', '295 Rockefeller Junction', '(207) 3294287');
insert into Accounts ( account_id, account_name, account_password, user_email, user_birthdate, user_address, user_phone) values ('Job#9', 'cokynsillaghe6', 'UUqmzU', 'hbeedle6@engadget.com', '14/05/1968', '65 Crownhardt Junction', '(542) 3347232');
insert into Accounts ( account_id, account_name, account_password, user_email, user_birthdate, user_address, user_phone) values ('Job#10', 'mtitherington7', 'Q7uAZc8Z', 'bjoanic7@github.com', '06/12/2004', '738 Dawn Hill', '(979) 9540431');
insert into Accounts ( account_id, account_name, account_password, user_email, user_birthdate, user_address, user_phone) values ('Job#11', 'dcicchillo8', 'sylpPNm', 'ckerfoot8@hubpages.com', '26/04/2020', '8 Bluestem Parkway', '(211) 7752489');
insert into Accounts ( account_id, account_name, account_password, user_email, user_birthdate, user_address, user_phone) values ('Job#12', 'awipper9', 'Ra3L6tIkE1q', 'ophipp9@seattletimes.com', '16/05/1969', '67 Washington Junction', '(969) 6671841');
insert into Accounts ( account_id, account_name, account_password, user_email, user_birthdate, user_address, user_phone) values ('Job#13', 'sbissatta', 'G2CR6JeNz4Yc', 'fpankethmana@epa.gov', '04/11/1951', '7 Delladonna Crossing', '(989) 1606493');
insert into Accounts ( account_id, account_name, account_password, user_email, user_birthdate, user_address, user_phone) values ('Job#14', 'mscopynb', 'fRxiKYmx6y', 'jgodardb@dailymotion.com', '17/08/1993', '378 Ilene Crossing', '(672) 9971964');
insert into Accounts ( account_id, account_name, account_password, user_email, user_birthdate, user_address, user_phone) values ('Job#15', 'dkenefickc', 'GWSvta', 'tcollierc@people.com.cn', '19/06/1983', '378 Utah Terrace', '(655) 1494199');
insert into Accounts ( account_id, account_name, account_password, user_email, user_birthdate, user_address, user_phone) values ('Job#16', 'lbrised', '8B7LN7m', 'klarned@dagondesign.com', '05/01/1970', '03072 Meadow Ridge Point', '(711) 6188160');
insert into Accounts ( account_id, account_name, account_password, user_email, user_birthdate, user_address, user_phone) values ('Job#17', 'ccorbitte', 'JEclCz7X', 'tmellenbye@jalbum.net', '25/02/1963', '0700 Thackeray Pass', '(926) 3382442');
insert into Accounts ( account_id, account_name, account_password, user_email, user_birthdate, user_address, user_phone) values ('Job#18', 'csextenf', 'bDwLnCvs', 'bspeakef@psu.edu', '30/07/2007', '435 Hooker Way', null);
insert into Accounts ( account_id, account_name, account_password, user_email, user_birthdate, user_address, user_phone) values ('Job#19', 'avearsg', 'LuyUVRY', 'mgogertyg@forbes.com', '06/02/1988', '7 Bunker Hill Road', '(254) 6114091');
insert into Accounts ( account_id, account_name, account_password, user_email, user_birthdate, user_address, user_phone) values ('Job#20', 'cledwidgeh', 'JXzU9Vp3aS', 'ymowsleyh@1und1.de', '23/09/2011', '3638 Kensington Terrace', '(283) 4653687');
insert into Accounts ( account_id, account_name, account_password, user_email, user_birthdate, user_address, user_phone) values ('Job#21', 'lcroallj', 'McBIjC04TgZ', 'gbuglarj@wufoo.com', '16/09/2018', '4 Pankratz Point', '(276) 6971141');
insert into Accounts ( account_id, account_name, account_password, user_email, user_birthdate, user_address, user_phone) values ('Job#22', 'rwhorlowk', 'oFInPBMB5D', 'mklimkiewichk@youtube.com', '28/01/1969', '6270 Blue Bill Park Avenue', '(107) 7610707');
insert into Accounts ( account_id, account_name, account_password, user_email, user_birthdate, user_address, user_phone) values ('Job#23', 'bshepardl', '0q29OKy', 'nflaubertl@auda.org.au', '03/07/1975', '04980 Springs Point', '(123) 6133847');
insert into Accounts ( account_id, account_name, account_password, user_email, user_birthdate, user_address, user_phone) values ('Job#24', 'agehrtzm', 'ndoIrQwAvTd', 'ihazemanm@apache.org', '22/12/2000', '85854 Merchant Terrace', '(713) 8943088');
insert into Accounts ( account_id, account_name, account_password, user_email, user_birthdate, user_address, user_phone) values ('Job#25', 'adegreyn', 'fmAiEkZp1Ib', 'amincin@symantec.com', '18/03/2018', '30861 Crowley Plaza', '(601) 1453180');
insert into Accounts ( account_id, account_name, account_password, user_email, user_birthdate, user_address, user_phone) values ('Job#26', 'ctoopeo', 'lufjvf', 'lspybeyo@kickstarter.com', '08/12/1993', '44593 Steensland Plaza', '(860) 4809953');
insert into Accounts ( account_id, account_name, account_password, user_email, user_birthdate, user_address, user_phone) values ('Job#27', 'gdrezzerp', 'a1vGiKZA', 'jmarchip@creativecommons.org', '14/08/1995', '65 Hazelcrest Junction', '(470) 7634948');
insert into Accounts ( account_id, account_name, account_password, user_email, user_birthdate, user_address, user_phone) values ('Job#28', 'kaleksandrovq', 'o3vi7V34', 'lriteleyq@skype.com', '02/12/1980', '6121 Haas Lane', null);
insert into Accounts ( account_id, account_name, account_password, user_email, user_birthdate, user_address, user_phone) values ('Job#29', 'wgarrisonr', 'dX2p2Hl', 'sjepensenr@army.mil', '29/01/2018', '20 Bultman Parkway', '(519) 1635700');
insert into Accounts ( account_id, account_name, account_password, user_email, user_birthdate, user_address, user_phone) values ('Job#30', 'tpieruccis', '1BkkhW', 'aswatmans@mapy.cz', '15/09/1961', '2725 Grover Junction', '(581) 2760298');
insert into Accounts ( account_id, account_name, account_password, user_email, user_birthdate, user_address, user_phone) values ('Job#31', 'mmarlort', 'e0lS35r', 'vbenoit@technorati.com', '25/09/1967', '29 Milwaukee Road', '(927) 9623528');
insert into Accounts ( account_id, account_name, account_password, user_email, user_birthdate, user_address, user_phone) values ('Job#32', 'jbeedu', 'nBcfmnalkhU', 'sgourdonu@opensource.org', null, null, '(225) 4628156');
insert into Accounts ( account_id, account_name, account_password, user_email, user_birthdate, user_address, user_phone) values ('Job#33', 'wkynanv', 'vztpa2p8Id', 'fwigginv@xrea.com', null, null, '(455) 6622455');
insert into Accounts ( account_id, account_name, account_password, user_email, user_birthdate, user_address, user_phone) values ('Job#34', 'kgeggw', 'syAZuJ0f9un', 'bmccourtiew@smugmug.com', '18/11/1969', '19 Stoughton Avenue', '(883) 3032694');
insert into Accounts ( account_id, account_name, account_password, user_email, user_birthdate, user_address, user_phone) values ('Job#35', 'nmaysorx', 'qHpP3sHlfcR', 'abedburrowx@ted.com', '26/02/2006', '67 Lindbergh Lane', '(741) 7368430');
insert into Accounts ( account_id, account_name, account_password, user_email, user_birthdate, user_address, user_phone) values ('Job#36', 'jbraneyy', 'Xf6ZgkK', 'rbushbyy@utexas.edu', '19/08/2015', '192 Utah Place', '(967) 8764565');
insert into Accounts ( account_id, account_name, account_password, user_email, user_birthdate, user_address, user_phone) values ('Job#37', 'dhunnicotz', 'GNTnHZUK', 'lcrowleyz@altervista.org', '07/02/2000', '74 Laurel Street', '(675) 8920927');
insert into Accounts ( account_id, account_name, account_password, user_email, user_birthdate, user_address, user_phone) values ('Job#38', 'apuvia10', 'UfoOH9O', 'fkubat10@mail.ru', '01/12/1991', '1 Dahle Trail', '(610) 7452815');
insert into Accounts ( account_id, account_name, account_password, user_email, user_birthdate, user_address, user_phone) values ('Job#39', 'ameadowcroft11', 'KAALvn7b', 'jlanfear11@smh.com.au', '09/09/1961', '86854 Birchwood Court', '(159) 4116306');
insert into Accounts ( account_id, account_name, account_password, user_email, user_birthdate, user_address, user_phone) values ('Job#40', 'rhowship12', 'mo8gYWVSvu', 'mbennington12@dot.gov', '12/06/1956', '88014 Park Meadow Crossing', '(910) 7084448');
insert into Accounts ( account_id, account_name, account_password, user_email, user_birthdate, user_address, user_phone) values ('Job#41', 'eyeld13', 'UNQ18Oer', 'jespinas13@timesonline.co.uk', null, null, '(828) 2801160');
insert into Accounts ( account_id, account_name, account_password, user_email, user_birthdate, user_address, user_phone) values ('Job#42', 'qyukhtin14', 'cyiPzx', 'aquin14@g.co', '03/10/1979', '97230 Evergreen Lane', '(885) 7177623');
insert into Accounts ( account_id, account_name, account_password, user_email, user_birthdate, user_address, user_phone) values ('Job#43', 'mmassimi16', 'iqcW0eT', 'sdressel16@people.com.cn', '17/01/1986', '96 Declaration Parkway', '(541) 8788903');
insert into Accounts ( account_id, account_name, account_password, user_email, user_birthdate, user_address, user_phone) values ('Job#44', 'bclench17', 'QdBrN1', 'iaiken17@fc2.com', '25/09/1997', '767 La Follette Drive', '(948) 1766391');
insert into Accounts ( account_id, account_name, account_password, user_email, user_birthdate, user_address, user_phone) values ('Job#45', 'solivie18', 'V0gB8JKV3G', 'teasen18@apache.org', '14/10/1975', '7434 Brown Point', '(602) 3702529');
insert into Accounts ( account_id, account_name, account_password, user_email, user_birthdate, user_address, user_phone) values ('Job#46', 'scuniffe19', 'IhoTeD', 'lscholard19@pinterest.com', '22/08/2006', '6618 Meadow Vale Avenue', '(477) 2748473');
insert into Accounts ( account_id, account_name, account_password, user_email, user_birthdate, user_address, user_phone) values ('Job#47', 'mtaffarello1a', 'thj1EB', 'challoran1a@chron.com', '03/05/1966', '4 Farmco Hill', '(541) 5634941');
insert into Accounts ( account_id, account_name, account_password, user_email, user_birthdate, user_address, user_phone) values ('Job#48', 'swarrender1b', '30TYXSs0', 'fswaite1b@forbes.com', null, null, '(690) 5647130');
insert into Accounts ( account_id, account_name, account_password, user_email, user_birthdate, user_address, user_phone) values ('Job#49', 'criccelli1c', 'NW9LSvaiu', 'bcassells1c@naver.com', '21/12/1996', '4 Florence Point', '(683) 5889584');
insert into Accounts ( account_id, account_name, account_password, user_email, user_birthdate, user_address, user_phone) values ('Job#50', 'gpetford1d', 'ZLPmpYG', 'ahammerson1d@discuz.net', '18/08/1955', '2441 Heath Trail', null);





insert into Department ( depart_id, depart_manager, depart_name, num_employees) values ('Job#1', 'Abe', 'Legal', 150);
insert into Department ( depart_id, depart_manager, depart_name, num_employees) values ('Job#2', 'Hallsy', 'Product Management', 105);
insert into Department ( depart_id, depart_manager, depart_name, num_employees) values ('Job#3', 'Samuele', 'Research and Development', 294);
insert into Department ( depart_id, depart_manager, depart_name, num_employees) values ('Job#4', 'Linc', 'Accounting', 142);
insert into Department ( depart_id, depart_manager, depart_name, num_employees) values ('Job#5', 'Mendy', 'Training', 221);
insert into Department ( depart_id, depart_manager, depart_name, num_employees) values ('Job#6', 'Munroe', 'Support', 224);
insert into Department ( depart_id, depart_manager, depart_name, num_employees) values ('Job#7', 'Garrett', 'Engineering', 89);
insert into Department ( depart_id, depart_manager, depart_name, num_employees) values ('Job#8', 'Laurence', 'Services', 174);
insert into Department ( depart_id, depart_manager, depart_name, num_employees) values ('Job#9', 'Base', 'Support', 196);
insert into Department ( depart_id, depart_manager, depart_name, num_employees) values ('Job#10', 'Brooks', 'Support', 165);
insert into Department ( depart_id, depart_manager, depart_name, num_employees) values ('Job#11', 'Carlie', 'Sales', 25);
insert into Department ( depart_id, depart_manager, depart_name, num_employees) values ('Job#12', 'Goran', 'Research and Development', 50);
insert into Department ( depart_id, depart_manager, depart_name, num_employees) values ('Job#13', 'Reynard', 'Research and Development', 297);
insert into Department ( depart_id, depart_manager, depart_name, num_employees) values ('Job#14', 'Dillie', 'Legal', null);
insert into Department ( depart_id, depart_manager, depart_name, num_employees) values ('Job#15', 'Edlin', 'Research and Development', 117);
insert into Department ( depart_id, depart_manager, depart_name, num_employees) values ('Job#16', 'Filmore', 'Legal', 197);
insert into Department ( depart_id, depart_manager, depart_name, num_employees) values ('Job#17', 'Deck', 'Product Management', 41);
insert into Department ( depart_id, depart_manager, depart_name, num_employees) values ('Job#18', 'Noe', 'Training', 70);
insert into Department ( depart_id, depart_manager, depart_name, num_employees) values ('Job#19', 'Webster', 'Training', 67);
insert into Department ( depart_id, depart_manager, depart_name, num_employees) values ('Job#20', 'Rob', 'Training', 141);
insert into Department ( depart_id, depart_manager, depart_name, num_employees) values ('Job#21', 'Lewiss', 'Human Resources', 154);
insert into Department ( depart_id, depart_manager, depart_name, num_employees) values ('Job#22', 'Garrik', 'Business Development', 247);
insert into Department ( depart_id, depart_manager, depart_name, num_employees) values ('Job#23', 'Wake', 'Accounting', 249);
insert into Department ( depart_id, depart_manager, depart_name, num_employees) values ('Job#24', 'Merrill', 'Research and Development', 226);
insert into Department ( depart_id, depart_manager, depart_name, num_employees) values ('Job#25', 'Fairleigh', 'Accounting', 184);
insert into Department ( depart_id, depart_manager, depart_name, num_employees) values ('Job#26', 'Waring', 'Services', null);
insert into Department ( depart_id, depart_manager, depart_name, num_employees) values ('Job#27', 'Gibb', 'Business Development', null);
insert into Department ( depart_id, depart_manager, depart_name, num_employees) values ('Job#28', 'Hewe', 'Marketing', 38);
insert into Department ( depart_id, depart_manager, depart_name, num_employees) values ('Job#29', 'Lucian', 'Research and Development', null);
insert into Department ( depart_id, depart_manager, depart_name, num_employees) values ('Job#30', 'Mackenzie', 'Human Resources', 235);
insert into Department ( depart_id, depart_manager, depart_name, num_employees) values ('Job#31', 'Hurleigh', 'Engineering', 287);
insert into Department ( depart_id, depart_manager, depart_name, num_employees) values ('Job#32', 'Berkeley', 'Services', null);
insert into Department ( depart_id, depart_manager, depart_name, num_employees) values ('Job#33', 'Somerset', 'Human Resources', 144);
insert into Department ( depart_id, depart_manager, depart_name, num_employees) values ('Job#34', 'Alexei', 'Sales', 251);
insert into Department ( depart_id, depart_manager, depart_name, num_employees) values ('Job#35', 'Darren', 'Accounting', 124);
insert into Department ( depart_id, depart_manager, depart_name, num_employees) values ('Job#36', 'Marcel', 'Support', null);
insert into Department ( depart_id, depart_manager, depart_name, num_employees) values ('Job#37', 'Niall', 'Engineering', null);
insert into Department ( depart_id, depart_manager, depart_name, num_employees) values ('Job#38', 'Keir', 'Services', 197);
insert into Department ( depart_id, depart_manager, depart_name, num_employees) values ('Job#39', 'Franzen', 'Product Management', null);
insert into Department ( depart_id, depart_manager, depart_name, num_employees) values ('Job#40', 'Halsy', 'Engineering', 97);
insert into Department ( depart_id, depart_manager, depart_name, num_employees) values ('Job#41', 'Christie', 'Marketing', 32);
insert into Department ( depart_id, depart_manager, depart_name, num_employees) values ('Job#42', 'Del', 'Support', 177);
insert into Department ( depart_id, depart_manager, depart_name, num_employees) values ('Job#43', 'Kahaleel', 'Human Resources', null);
insert into Department ( depart_id, depart_manager, depart_name, num_employees) values ('Job#44', 'Ferrel', 'Training', 231);
insert into Department ( depart_id, depart_manager, depart_name, num_employees) values ('Job#45', 'Rafael', 'Support', 123);
insert into Department ( depart_id, depart_manager, depart_name, num_employees) values ('Job#46', 'Beaufort', 'Business Development', 205);
insert into Department ( depart_id, depart_manager, depart_name, num_employees) values ('Job#47', 'Corey', 'Research and Development', 75);
insert into Department ( depart_id, depart_manager, depart_name, num_employees) values ('Job#48', 'Giacobo', 'Support', 40);
insert into Department ( depart_id, depart_manager, depart_name, num_employees) values ('Job#49', 'Durand', 'Product Management', 102);
insert into Department ( depart_id, depart_manager, depart_name, num_employees) values ('Job#50', 'Brook', 'Support', 261);

insert into Employees ( employee_id, start_date, employee_title) values ('Job#1', '30/09/2019', 'Statistician III');
insert into Employees ( employee_id, start_date, employee_title) values ('Job#2', '14/02/2020', 'Senior Sales Associate');
insert into Employees ( employee_id, start_date, employee_title) values ('Job#3', '29/06/2019', 'Administrative Officer');
insert into Employees ( employee_id, start_date, employee_title) values ('Job#4', '20/06/2019', 'Electrical Engineer');
insert into Employees ( employee_id, start_date, employee_title) values ('Job#5', null, 'Systems Administrator II');
insert into Employees ( employee_id, start_date, employee_title) values ('Job#6', '20/11/2019', 'VP Sales');
insert into Employees ( employee_id, start_date, employee_title) values ('Job#7', '14/07/2020', 'Executive Secretary');
insert into Employees ( employee_id, start_date, employee_title) values ('Job#8', null, 'Safety Technician I');
insert into Employees ( employee_id, start_date, employee_title) values ('Job#9', '16/10/2019', 'Human Resources Manager');
insert into Employees ( employee_id, start_date, employee_title) values ('Job#10', '29/12/2018', 'Environmental Specialist');
insert into Employees ( employee_id, start_date, employee_title) values ('Job#11', '10/12/2018', 'Occupational Therapist');
insert into Employees ( employee_id, start_date, employee_title) values ('Job#12', '01/01/2019', 'Financial Advisor');
insert into Employees ( employee_id, start_date, employee_title) values ('Job#13', '08/06/2020', 'Statistician III');
insert into Employees ( employee_id, start_date, employee_title) values ('Job#14', '13/09/2020', 'Programmer Analyst I');
insert into Employees ( employee_id, start_date, employee_title) values ('Job#15', '28/03/2019', 'Assistant Media Planner');
insert into Employees ( employee_id, start_date, employee_title) values ('Job#16', '05/09/2020', 'Biostatistician IV');
insert into Employees ( employee_id, start_date, employee_title) values ('Job#17', '19/10/2020', 'Speech Pathologist');
insert into Employees ( employee_id, start_date, employee_title) values ('Job#18', '04/06/2020', 'General Manager');
insert into Employees ( employee_id, start_date, employee_title) values ('Job#19', '17/10/2020', 'Desktop Support Technician');
insert into Employees ( employee_id, start_date, employee_title) values ('Job#20', null, 'Geological Engineer');
insert into Employees ( employee_id, start_date, employee_title) values ('Job#21', '15/05/2020', 'VP Marketing');
insert into Employees ( employee_id, start_date, employee_title) values ('Job#22', '10/08/2019', 'General Manager');
insert into Employees ( employee_id, start_date, employee_title) values ('Job#23', null, 'Nurse');
insert into Employees ( employee_id, start_date, employee_title) values ('Job#24', '03/09/2020', 'Marketing Assistant');
insert into Employees ( employee_id, start_date, employee_title) values ('Job#25', '14/12/2019', 'Speech Pathologist');
insert into Employees ( employee_id, start_date, employee_title) values ('Job#26', '14/04/2020', 'Compensation Analyst');
insert into Employees ( employee_id, start_date, employee_title) values ('Job#27', null, 'Account Executive');
insert into Employees ( employee_id, start_date, employee_title) values ('Job#28', null, 'Social Worker');
insert into Employees ( employee_id, start_date, employee_title) values ('Job#29', '18/09/2020', 'Cost Accountant');
insert into Employees ( employee_id, start_date, employee_title) values ('Job#30', '08/04/2019', 'Data Coordiator');
insert into Employees ( employee_id, start_date, employee_title) values ('Job#31', '31/08/2019', 'Programmer Analyst IV');
insert into Employees ( employee_id, start_date, employee_title) values ('Job#32', '28/01/2019', 'Statistician III');
insert into Employees ( employee_id, start_date, employee_title) values ('Job#33', '27/12/2019', 'Accounting Assistant II');
insert into Employees ( employee_id, start_date, employee_title) values ('Job#34', '25/11/2019', 'Assistant Professor');
insert into Employees ( employee_id, start_date, employee_title) values ('Job#35', '10/06/2020', 'Structural Analysis Engineer');
insert into Employees ( employee_id, start_date, employee_title) values ('Job#36', '09/09/2020', 'Analyst Programmer');
insert into Employees ( employee_id, start_date, employee_title) values ('Job#37', '19/03/2020', 'Help Desk Technician');
insert into Employees ( employee_id, start_date, employee_title) values ('Job#38', null, 'Legal Assistant');
insert into Employees ( employee_id, start_date, employee_title) values ('Job#39', '21/12/2019', 'Programmer Analyst III');
insert into Employees ( employee_id, start_date, employee_title) values ('Job#40', '17/07/2020', 'Analog Circuit Design manager');
insert into Employees ( employee_id, start_date, employee_title) values ('Job#41', '09/06/2019', 'Statistician II');
insert into Employees ( employee_id, start_date, employee_title) values ('Job#42', '04/04/2019', 'Payment Adjustment Coordinator');
insert into Employees ( employee_id, start_date, employee_title) values ('Job#43', '06/08/2019', 'Software Consultant');
insert into Employees ( employee_id, start_date, employee_title) values ('Job#44', '09/08/2019', 'Developer III');
insert into Employees ( employee_id, start_date, employee_title) values ('Job#45', '08/06/2020', 'Safety Technician III');
insert into Employees ( employee_id, start_date, employee_title) values ('Job#46', '05/05/2020', 'Product Engineer');
insert into Employees ( employee_id, start_date, employee_title) values ('Job#47', '28/08/2019', 'Pharmacist');
insert into Employees ( employee_id, start_date, employee_title) values ('Job#48', '07/12/2019', 'Administrative Assistant III');
insert into Employees ( employee_id, start_date, employee_title) values ('Job#49', '13/10/2019', 'Actuary');
insert into Employees ( employee_id, start_date, employee_title) values ('Job#50', '30/07/2020', 'Librarian');

